carrier,origin_destination,code,description,tail_num,origin,destination,id,dep_time,distance,aircraft_engine_code,site_number
YV,MSN,100,100,N505MJ,ORD,MSN,100,1336,109,7370,13485
NW,DTW,1000,1000,N758NW,ORD,DTW,1000,1119,235,1242,11433
NW,DTW,1001,1001,N676MC,ORD,DTW,1001,1027,235,1242,11433
UA,EWR,100162,100162,N831UA,ORD,EWR,100162,2138,719,818,11618
UA,EWR,100163,100163,N402UA,ORD,EWR,100163,2228,719,818,11618
UA,EWR,100164,100164,,ORD,EWR,100164,,719,818,11618
UA,EWR,100165,100165,N409UA,ORD,EWR,100165,2243,719,818,11618
UA,EWR,100166,100166,N428UA,ORD,EWR,100166,2149,719,818,11618
UA,EWR,100167,100167,N463UA,ORD,EWR,100167,2133,719,818,11618
UA,EWR,100168,100168,N847UA,ORD,EWR,100168,2328,719,818,11618
UA,EWR,100169,100169,,ORD,EWR,100169,,719,818,11618
UA,EWR,100170,100170,N822UA,ORD,EWR,100170,2057,719,818,11618
UA,EWR,100171,100171,N836UA,ORD,EWR,100171,2158,719,818,11618
UA,EWR,100172,100172,N848UA,ORD,EWR,100172,2100,719,818,11618
UA,EWR,100173,100173,,ORD,EWR,100173,,719,818,11618
UA,EWR,100174,100174,N435UA,ORD,EWR,100174,2133,719,818,11618
UA,EWR,100175,100175,N466UA,ORD,EWR,100175,2056,719,818,11618
UA,EWR,100176,100176,N456UA,ORD,EWR,100176,2054,719,818,11618
UA,EWR,100177,100177,N415UA,ORD,EWR,100177,2320,719,818,11618
UA,EWR,100178,100178,N434UA,ORD,EWR,100178,2105,719,818,11618
UA,EWR,100179,100179,N528UA,ORD,EWR,100179,2252,719,818,11618
UA,EWR,100180,100180,N468UA,ORD,EWR,100180,2314,719,818,11618
UA,EWR,100181,100181,,ORD,EWR,100181,,719,818,11618
UA,EWR,100182,100182,N828UA,ORD,EWR,100182,2231,719,818,11618
UA,EWR,100183,100183,N826UA,ORD,EWR,100183,2057,719,818,11618
UA,EWR,100184,100184,N456UA,ORD,EWR,100184,2212,719,818,11618
UA,EWR,100185,100185,N565UA,ORD,EWR,100185,2058,719,818,11618
UA,EWR,100186,100186,N853UA,ORD,EWR,100186,2224,719,818,11618
UA,EWR,100187,100187,N429UA,ORD,EWR,100187,0010,719,818,11618
UA,EWR,100188,100188,N420UA,ORD,EWR,100188,2116,719,818,11618
UA,EWR,100189,100189,,ORD,EWR,100189,,719,818,11618
NW,DTW,1002,1002,N784NC,ORD,DTW,1002,1006,235,1242,11433
NW,DTW,1003,1003,N606NW,ORD,DTW,1003,1004,235,1242,11433
UA,BOS,100376,100376,N429UA,ORD,BOS,100376,2238,867,828,10721
UA,BOS,100377,100377,N431UA,ORD,BOS,100377,2255,867,828,10721
UA,BOS,100378,100378,N443UA,ORD,BOS,100378,2051,867,828,10721
UA,BOS,100379,100379,N425UA,ORD,BOS,100379,2119,867,828,10721
UA,BOS,100380,100380,N830UA,ORD,BOS,100380,2222,867,828,10721
UA,BOS,100381,100381,N930UA,ORD,BOS,100381,2042,867,828,10721
UA,BOS,100382,100382,,ORD,BOS,100382,,867,828,10721
UA,BOS,100383,100383,N403UA,ORD,BOS,100383,2101,867,828,10721
UA,BOS,100384,100384,N468UA,ORD,BOS,100384,2104,867,828,10721
UA,BOS,100385,100385,N461UA,ORD,BOS,100385,2116,867,828,10721
UA,BOS,100386,100386,N435UA,ORD,BOS,100386,2208,867,828,10721
UA,BOS,100387,100387,N422UA,ORD,BOS,100387,2115,867,828,10721
UA,BOS,100388,100388,N523UA,ORD,BOS,100388,2154,867,828,10721
UA,BOS,100389,100389,N374UA,ORD,BOS,100389,2057,867,828,10721
UA,BOS,100390,100390,N461UA,ORD,BOS,100390,2326,867,828,10721
UA,BOS,100391,100391,N825UA,ORD,BOS,100391,2337,867,828,10721
UA,BOS,100392,100392,N456UA,ORD,BOS,100392,2236,867,828,10721
UA,BOS,100393,100393,N845UA,ORD,BOS,100393,2140,867,828,10721
UA,BOS,100394,100394,N463UA,ORD,BOS,100394,2132,867,828,10721
UA,BOS,100395,100395,N585UA,ORD,BOS,100395,2059,867,828,10721
UA,BOS,100396,100396,N399UA,ORD,BOS,100396,2108,867,828,10721
UA,BOS,100397,100397,N434UA,ORD,BOS,100397,2244,867,828,10721
UA,BOS,100398,100398,N431UA,ORD,BOS,100398,2357,867,828,10721
UA,BOS,100399,100399,N461UA,ORD,BOS,100399,2041,867,828,10721
NW,DTW,1004,1004,N768NC,ORD,DTW,1004,1008,235,1242,11433
UA,BOS,100400,100400,N433UA,ORD,BOS,100400,0020,867,828,10721
UA,SFO,100431,100431,N558UA,ORD,SFO,100431,0752,1846,831,14771
UA,SFO,100432,100432,N642UA,ORD,SFO,100432,0700,1846,831,14771
UA,SFO,100433,100433,N578UA,ORD,SFO,100433,0706,1846,831,14771
UA,SFO,100434,100434,N593UA,ORD,SFO,100434,0658,1846,831,14771
UA,SFO,100435,100435,N523UA,ORD,SFO,100435,0717,1846,831,14771
UA,SFO,100436,100436,,ORD,SFO,100436,,1846,831,14771
UA,SFO,100437,100437,N771UA,ORD,SFO,100437,0703,1846,831,14771
UA,SFO,100438,100438,N550UA,ORD,SFO,100438,0702,1846,831,14771
UA,SFO,100439,100439,,ORD,SFO,100439,,1846,831,14771
UA,SFO,100440,100440,N791UA,ORD,SFO,100440,0659,1846,831,14771
UA,SFO,100441,100441,N589UA,ORD,SFO,100441,0659,1846,831,14771
UA,SFO,100442,100442,N455UA,ORD,SFO,100442,0658,1846,831,14771
UA,SFO,100443,100443,N521UA,ORD,SFO,100443,0657,1846,831,14771
UA,SFO,100444,100444,N553UA,ORD,SFO,100444,0707,1846,831,14771
UA,SFO,100445,100445,N590UA,ORD,SFO,100445,0702,1846,831,14771
UA,SFO,100446,100446,N589UA,ORD,SFO,100446,0721,1846,831,14771
UA,SFO,100447,100447,N545UA,ORD,SFO,100447,0703,1846,831,14771
UA,SFO,100448,100448,,ORD,SFO,100448,,1846,831,14771
UA,SFO,100449,100449,N854UA,ORD,SFO,100449,0717,1846,831,14771
UA,SFO,100450,100450,N598UA,ORD,SFO,100450,0824,1846,831,14771
UA,SFO,100451,100451,N595UA,ORD,SFO,100451,0705,1846,831,14771
UA,SFO,100452,100452,N535UA,ORD,SFO,100452,0707,1846,831,14771
UA,SFO,100453,100453,N598UA,ORD,SFO,100453,0710,1846,831,14771
UA,SFO,100454,100454,N589UA,ORD,SFO,100454,0706,1846,831,14771
UA,SFO,100455,100455,N551UA,ORD,SFO,100455,0700,1846,831,14771
UA,SFO,100456,100456,N828UA,ORD,SFO,100456,0655,1846,831,14771
UA,SFO,100457,100457,,ORD,SFO,100457,,1846,831,14771
UA,SFO,100458,100458,N539UA,ORD,SFO,100458,0704,1846,831,14771
UA,SFO,100459,100459,N550UA,ORD,SFO,100459,0657,1846,831,14771
UA,SFO,100460,100460,,ORD,SFO,100460,,1846,831,14771
UA,SFO,100461,100461,N543UA,ORD,SFO,100461,0710,1846,831,14771
NW,DTW,1005,1005,N915RW,ORD,DTW,1005,1009,235,1242,11433
UA,LGA,100520,100520,N522UA,ORD,LGA,100520,1852,733,836,12953
UA,LGA,100521,100521,N594UA,ORD,LGA,100521,1834,733,836,12953
UA,LGA,100522,100522,N563UA,ORD,LGA,100522,1802,733,836,12953
UA,LGA,100523,100523,N576UA,ORD,LGA,100523,1826,733,836,12953
UA,LGA,100524,100524,N571UA,ORD,LGA,100524,1856,733,836,12953
UA,LGA,100525,100525,N312UA,ORD,LGA,100525,1858,733,836,12953
UA,LGA,100526,100526,N514UA,ORD,LGA,100526,1932,733,836,12953
UA,LGA,100527,100527,,ORD,LGA,100527,,733,836,12953
UA,LGA,100528,100528,N539UA,ORD,LGA,100528,1804,733,836,12953
UA,LGA,100529,100529,N504UA,ORD,LGA,100529,1806,733,836,12953
UA,LGA,100530,100530,N515UA,ORD,LGA,100530,1940,733,836,12953
UA,LGA,100531,100531,N935UA,ORD,LGA,100531,1757,733,836,12953
UA,LGA,100532,100532,,ORD,LGA,100532,,733,836,12953
UA,LGA,100533,100533,N515UA,ORD,LGA,100533,1854,733,836,12953
UA,LGA,100534,100534,N540UA,ORD,LGA,100534,1819,733,836,12953
UA,LGA,100535,100535,N594UA,ORD,LGA,100535,1805,733,836,12953
UA,LGA,100536,100536,N590UA,ORD,LGA,100536,2124,733,836,12953
UA,LGA,100537,100537,N513UA,ORD,LGA,100537,1820,733,836,12953
UA,LGA,100538,100538,N904UA,ORD,LGA,100538,1800,733,836,12953
UA,LGA,100539,100539,N578UA,ORD,LGA,100539,1810,733,836,12953
UA,LGA,100540,100540,N588UA,ORD,LGA,100540,1924,733,836,12953
UA,LGA,100541,100541,N531UA,ORD,LGA,100541,1858,733,836,12953
UA,LGA,100542,100542,N533UA,ORD,LGA,100542,2122,733,836,12953
UA,LGA,100543,100543,N541UA,ORD,LGA,100543,1805,733,836,12953
UA,LGA,100544,100544,N572UA,ORD,LGA,100544,1804,733,836,12953
UA,LGA,100545,100545,N346UA,ORD,LGA,100545,1808,733,836,12953
UA,LGA,100546,100546,N513UA,ORD,LGA,100546,1759,733,836,12953
UA,LGA,100547,100547,N521UA,ORD,LGA,100547,1952,733,836,12953
UA,LGA,100548,100548,N570UA,ORD,LGA,100548,1830,733,836,12953
UA,LGA,100549,100549,N524UA,ORD,LGA,100549,1829,733,836,12953
UA,LGA,100550,100550,N519UA,ORD,LGA,100550,2025,733,836,12953
NW,DTW,1006,1006,N3324L,ORD,DTW,1006,1009,235,1242,11433
UA,SFO,100644,100644,N667UA,ORD,SFO,100644,0829,1846,842,14771
UA,SFO,100645,100645,N677UA,ORD,SFO,100645,0816,1846,842,14771
UA,SFO,100646,100646,N666UA,ORD,SFO,100646,0810,1846,842,14771
UA,SFO,100647,100647,N665UA,ORD,SFO,100647,0809,1846,842,14771
UA,SFO,100648,100648,N507UA,ORD,SFO,100648,0825,1846,842,14771
UA,SFO,100649,100649,N529UA,ORD,SFO,100649,0822,1846,842,14771
UA,SFO,100650,100650,N210UA,ORD,SFO,100650,0810,1846,842,14771
UA,SFO,100651,100651,N210UA,ORD,SFO,100651,0810,1846,842,14771
UA,SFO,100652,100652,,ORD,SFO,100652,,1846,842,14771
UA,SFO,100653,100653,N671UA,ORD,SFO,100653,0814,1846,842,14771
UA,SFO,100654,100654,N673UA,ORD,SFO,100654,0816,1846,842,14771
UA,SFO,100655,100655,N419UA,ORD,SFO,100655,0818,1846,842,14771
UA,SFO,100656,100656,N415UA,ORD,SFO,100656,0810,1846,842,14771
UA,SFO,100657,100657,N211UA,ORD,SFO,100657,0810,1846,842,14771
UA,SFO,100658,100658,N670UA,ORD,SFO,100658,0812,1846,842,14771
UA,SFO,100659,100659,N666UA,ORD,SFO,100659,0810,1846,842,14771
UA,SFO,100660,100660,N670UA,ORD,SFO,100660,0830,1846,842,14771
UA,SFO,100661,100661,N670UA,ORD,SFO,100661,0821,1846,842,14771
UA,SFO,100662,100662,N410UA,ORD,SFO,100662,0832,1846,842,14771
UA,SFO,100663,100663,N418UA,ORD,SFO,100663,0847,1846,842,14771
UA,SFO,100664,100664,N212UA,ORD,SFO,100664,0812,1846,842,14771
UA,SFO,100665,100665,N540UA,ORD,SFO,100665,0851,1846,842,14771
UA,SFO,100666,100666,N669UA,ORD,SFO,100666,0811,1846,842,14771
UA,SFO,100667,100667,N669UA,ORD,SFO,100667,0838,1846,842,14771
UA,SFO,100668,100668,N666UA,ORD,SFO,100668,0816,1846,842,14771
UA,SFO,100669,100669,N822UA,ORD,SFO,100669,0824,1846,842,14771
UA,SFO,100670,100670,N809UA,ORD,SFO,100670,0821,1846,842,14771
UA,SFO,100671,100671,N213UA,ORD,SFO,100671,0807,1846,842,14771
UA,SFO,100672,100672,N674UA,ORD,SFO,100672,0810,1846,842,14771
UA,SFO,100673,100673,N669UA,ORD,SFO,100673,0821,1846,842,14771
UA,SFO,100674,100674,N675UA,ORD,SFO,100674,0933,1846,842,14771
NW,DTW,1007,1007,N771NC,ORD,DTW,1007,1010,235,1242,11433
NW,DTW,1008,1008,N771NC,ORD,DTW,1008,1003,235,1242,11433
UA,LGA,100834,100834,N335UA,ORD,LGA,100834,1909,733,850,12953
UA,LGA,100835,100835,N203UA,ORD,LGA,100835,1907,733,850,12953
UA,LGA,100836,100836,,ORD,LGA,100836,,733,850,12953
UA,LGA,100837,100837,,ORD,LGA,100837,,733,850,12953
UA,LGA,100838,100838,N904UA,ORD,LGA,100838,2104,733,850,12953
UA,LGA,100839,100839,N902UA,ORD,LGA,100839,1907,733,850,12953
UA,LGA,100840,100840,,ORD,LGA,100840,,733,850,12953
UA,LGA,100841,100841,N335UA,ORD,LGA,100841,2037,733,850,12953
UA,LGA,100842,100842,,ORD,LGA,100842,,733,850,12953
UA,LGA,100843,100843,N906UA,ORD,LGA,100843,1927,733,850,12953
UA,LGA,100844,100844,N930UA,ORD,LGA,100844,1855,733,850,12953
UA,LGA,100845,100845,N314UA,ORD,LGA,100845,1953,733,850,12953
UA,LGA,100846,100846,N339UA,ORD,LGA,100846,2116,733,850,12953
UA,LGA,100847,100847,N335UA,ORD,LGA,100847,2059,733,850,12953
UA,LGA,100848,100848,N202UA,ORD,LGA,100848,1925,733,850,12953
UA,LGA,100849,100849,N936UA,ORD,LGA,100849,2202,733,850,12953
UA,LGA,100850,100850,N933UA,ORD,LGA,100850,2141,733,850,12953
UA,LGA,100851,100851,N349UA,ORD,LGA,100851,2059,733,850,12953
UA,LGA,100852,100852,N936UA,ORD,LGA,100852,1903,733,850,12953
UA,LGA,100853,100853,N903UA,ORD,LGA,100853,1905,733,850,12953
UA,LGA,100854,100854,N942UA,ORD,LGA,100854,1854,733,850,12953
UA,LGA,100855,100855,N907UA,ORD,LGA,100855,2011,733,850,12953
UA,LGA,100856,100856,N328UA,ORD,LGA,100856,1945,733,850,12953
UA,LGA,100857,100857,N904UA,ORD,LGA,100857,1915,733,850,12953
UA,LGA,100858,100858,N365UA,ORD,LGA,100858,2318,733,850,12953
NW,DTW,1009,1009,N783NC,ORD,DTW,1009,1008,235,1242,11433
OH,CVG,10097,10097,N679CA,ORD,CVG,10097,2020,264,5032,11193
YV,MSN,101,101,N510MJ,ORD,MSN,101,2245,109,7382,13485
NW,DTW,1010,1010,N401EA,ORD,DTW,1010,1024,235,1242,11433
OH,CVG,10108,10108,N797CA,ORD,CVG,10108,1430,264,5043,11193
UA,SFO,101193,101193,N443UA,ORD,SFO,101193,1836,1846,863,14771
UA,SFO,101194,101194,N456UA,ORD,SFO,101194,1856,1846,863,14771
UA,SFO,101195,101195,N424UA,ORD,SFO,101195,1900,1846,863,14771
UA,SFO,101196,101196,,ORD,SFO,101196,,1846,863,14771
UA,SFO,101197,101197,N574UA,ORD,SFO,101197,1926,1846,863,14771
UA,SFO,101198,101198,N513UA,ORD,SFO,101198,1950,1846,863,14771
UA,SFO,101199,101199,N568UA,ORD,SFO,101199,1833,1846,863,14771
UA,SFO,101200,101200,N567UA,ORD,SFO,101200,1833,1846,863,14771
UA,SFO,101201,101201,N552UA,ORD,SFO,101201,2023,1846,863,14771
UA,SFO,101202,101202,N550UA,ORD,SFO,101202,1837,1846,863,14771
UA,SFO,101203,101203,N535UA,ORD,SFO,101203,1839,1846,863,14771
UA,SFO,101204,101204,N595UA,ORD,SFO,101204,1855,1846,863,14771
UA,SFO,101205,101205,N520UA,ORD,SFO,101205,1845,1846,863,14771
UA,SFO,101206,101206,N648UA,ORD,SFO,101206,1855,1846,863,14771
UA,SFO,101207,101207,N511UA,ORD,SFO,101207,2003,1846,863,14771
UA,SFO,101208,101208,N511UA,ORD,SFO,101208,1845,1846,863,14771
UA,SFO,101209,101209,N546UA,ORD,SFO,101209,1843,1846,863,14771
UA,SFO,101210,101210,N550UA,ORD,SFO,101210,1933,1846,863,14771
UA,SFO,101211,101211,N589UA,ORD,SFO,101211,1848,1846,863,14771
UA,SFO,101212,101212,N590UA,ORD,SFO,101212,1908,1846,863,14771
UA,SFO,101213,101213,N520UA,ORD,SFO,101213,2053,1846,863,14771
UA,SFO,101214,101214,N526UA,ORD,SFO,101214,1949,1846,863,14771
UA,SFO,101215,101215,N513UA,ORD,SFO,101215,1840,1846,863,14771
UA,SFO,101216,101216,N540UA,ORD,SFO,101216,1848,1846,863,14771
UA,SFO,101217,101217,N539UA,ORD,SFO,101217,1840,1846,863,14771
UA,SFO,101218,101218,N551UA,ORD,SFO,101218,1834,1846,863,14771
UA,SFO,101219,101219,N562UA,ORD,SFO,101219,1910,1846,863,14771
UA,SFO,101220,101220,,ORD,SFO,101220,,1846,863,14771
UA,SFO,101221,101221,N536UA,ORD,SFO,101221,1848,1846,863,14771
UA,SFO,101222,101222,N594UA,ORD,SFO,101222,2046,1846,863,14771
UA,RIC,101223,101223,,ORD,RIC,101223,,642,864,14524
UA,RIC,101224,101224,N927UA,ORD,RIC,101224,1821,642,864,14524
UA,RIC,101225,101225,N336UA,ORD,RIC,101225,1900,642,864,14524
UA,RIC,101226,101226,N927UA,ORD,RIC,101226,1828,642,864,14524
UA,RIC,101227,101227,N925UA,ORD,RIC,101227,1816,642,864,14524
UA,RIC,101228,101228,N347UA,ORD,RIC,101228,1922,642,864,14524
UA,SMF,101229,101229,N562UA,ORD,SMF,101229,1039,1781,865,14893
UA,SMF,101230,101230,N568UA,ORD,SMF,101230,1137,1781,865,14893
UA,SMF,101231,101231,N562UA,ORD,SMF,101231,1035,1781,865,14893
UA,SMF,101232,101232,N503UA,ORD,SMF,101232,1059,1781,865,14893
UA,SMF,101233,101233,N553UA,ORD,SMF,101233,1118,1781,865,14893
UA,SMF,101234,101234,N507UA,ORD,SMF,101234,1048,1781,865,14893
UA,BDL,101235,101235,N570UA,ORD,BDL,101235,1319,783,866,10529
UA,BDL,101236,101236,N513UA,ORD,BDL,101236,1433,783,866,10529
UA,BDL,101237,101237,N573UA,ORD,BDL,101237,1341,783,866,10529
UA,BDL,101238,101238,N543UA,ORD,BDL,101238,1317,783,866,10529
UA,BDL,101239,101239,N341UA,ORD,BDL,101239,1509,783,866,10529
UA,BDL,101240,101240,N553UA,ORD,BDL,101240,1315,783,866,10529
UA,BOS,101550,101550,N540UA,ORD,BOS,101550,1602,867,882,10721
UA,BOS,101551,101551,N529UA,ORD,BOS,101551,1606,867,882,10721
UA,BOS,101552,101552,N552UA,ORD,BOS,101552,1543,867,882,10721
UA,BOS,101553,101553,N549UA,ORD,BOS,101553,1917,867,882,10721
UA,BOS,101554,101554,N568UA,ORD,BOS,101554,2002,867,882,10721
UA,BOS,101555,101555,N520UA,ORD,BOS,101555,1550,867,882,10721
UA,BOS,101556,101556,N587UA,ORD,BOS,101556,1557,867,882,10721
UA,BOS,101557,101557,N545UA,ORD,BOS,101557,1601,867,882,10721
UA,BOS,101558,101558,N598UA,ORD,BOS,101558,1557,867,882,10721
UA,BOS,101559,101559,N553UA,ORD,BOS,101559,1651,867,882,10721
OH,CVG,10156,10156,N659BR,ORD,CVG,10156,1615,264,5094,11193
UA,BOS,101560,101560,N537UA,ORD,BOS,101560,1647,867,882,10721
UA,BOS,101561,101561,N302UA,ORD,BOS,101561,1558,867,882,10721
UA,BOS,101562,101562,,ORD,BOS,101562,,867,882,10721
UA,BOS,101563,101563,N516UA,ORD,BOS,101563,1620,867,882,10721
UA,BOS,101564,101564,N530UA,ORD,BOS,101564,1604,867,882,10721
UA,BOS,101565,101565,,ORD,BOS,101565,,867,882,10721
UA,BOS,101566,101566,N501UA,ORD,BOS,101566,1646,867,882,10721
UA,BOS,101567,101567,N568UA,ORD,BOS,101567,1633,867,882,10721
UA,BOS,101568,101568,N936UA,ORD,BOS,101568,1601,867,882,10721
UA,BOS,101569,101569,N539UA,ORD,BOS,101569,1714,867,882,10721
UA,BOS,101570,101570,N538UA,ORD,BOS,101570,1630,867,882,10721
UA,BOS,101571,101571,N568UA,ORD,BOS,101571,1657,867,882,10721
UA,BOS,101572,101572,N576UA,ORD,BOS,101572,1659,867,882,10721
UA,BOS,101573,101573,N520UA,ORD,BOS,101573,1600,867,882,10721
UA,BOS,101574,101574,N567UA,ORD,BOS,101574,1602,867,882,10721
UA,BOS,101575,101575,N332UA,ORD,BOS,101575,1602,867,882,10721
UA,BOS,101576,101576,N514UA,ORD,BOS,101576,1637,867,882,10721
UA,BOS,101577,101577,N573UA,ORD,BOS,101577,1558,867,882,10721
UA,BOS,101578,101578,N582UA,ORD,BOS,101578,1618,867,882,10721
UA,BOS,101579,101579,N558UA,ORD,BOS,101579,1605,867,882,10721
UA,BOS,101580,101580,N533UA,ORD,BOS,101580,1623,867,882,10721
UA,PHL,101612,101612,N410UA,ORD,PHL,101612,1359,678,884,14100
UA,PHL,101613,101613,N409UA,ORD,PHL,101613,1343,678,884,14100
UA,PHL,101614,101614,N425UA,ORD,PHL,101614,1331,678,884,14100
UA,PHL,101615,101615,N855UA,ORD,PHL,101615,1342,678,884,14100
UA,PHL,101616,101616,N531UA,ORD,PHL,101616,1336,678,884,14100
UA,PHL,101617,101617,,ORD,PHL,101617,,678,884,14100
UA,PHL,101618,101618,N516UA,ORD,PHL,101618,1316,678,884,14100
UA,PHL,101619,101619,N519UA,ORD,PHL,101619,1319,678,884,14100
UA,PHL,101620,101620,N542UA,ORD,PHL,101620,1313,678,884,14100
UA,PHL,101621,101621,N521UA,ORD,PHL,101621,1518,678,884,14100
UA,PHL,101622,101622,N535UA,ORD,PHL,101622,1317,678,884,14100
UA,PHL,101623,101623,N830UA,ORD,PHL,101623,1317,678,884,14100
UA,PHL,101624,101624,N399UA,ORD,PHL,101624,1314,678,884,14100
UA,PHL,101625,101625,N573UA,ORD,PHL,101625,1311,678,884,14100
UA,PHL,101626,101626,N594UA,ORD,PHL,101626,1315,678,884,14100
UA,PHL,101627,101627,N504UA,ORD,PHL,101627,1312,678,884,14100
UA,PHL,101628,101628,N503UA,ORD,PHL,101628,1615,678,884,14100
UA,PHL,101629,101629,N540UA,ORD,PHL,101629,1312,678,884,14100
UA,PHL,101630,101630,N905UA,ORD,PHL,101630,1323,678,884,14100
UA,PHL,101631,101631,N923UA,ORD,PHL,101631,1353,678,884,14100
UA,PHL,101632,101632,N531UA,ORD,PHL,101632,1349,678,884,14100
UA,PHL,101633,101633,N561UA,ORD,PHL,101633,1343,678,884,14100
UA,PHL,101634,101634,N541UA,ORD,PHL,101634,1312,678,884,14100
UA,PHL,101635,101635,N572UA,ORD,PHL,101635,1318,678,884,14100
UA,PHL,101636,101636,N527UA,ORD,PHL,101636,1417,678,884,14100
UA,PHL,101637,101637,N308UA,ORD,PHL,101637,1313,678,884,14100
UA,PHL,101638,101638,N304UA,ORD,PHL,101638,1315,678,884,14100
UA,PHL,101639,101639,N572UA,ORD,PHL,101639,1324,678,884,14100
UA,PHL,101640,101640,N594UA,ORD,PHL,101640,1334,678,884,14100
UA,PHL,101641,101641,N561UA,ORD,PHL,101641,1338,678,884,14100
UA,PHL,101642,101642,N569UA,ORD,PHL,101642,1355,678,884,14100
OH,CVG,10172,10172,N676CA,ORD,CVG,10172,1445,264,5105,11193
UA,ATL,101952,101952,N382UA,ORD,ATL,101952,1403,606,896,10397
UA,ATL,101953,101953,N326UA,ORD,ATL,101953,1350,606,896,10397
UA,ATL,101954,101954,N318UA,ORD,ATL,101954,1330,606,896,10397
UA,ATL,101955,101955,N370UA,ORD,ATL,101955,1405,606,896,10397
UA,ATL,101956,101956,N335UA,ORD,ATL,101956,1328,606,896,10397
UA,ATL,101957,101957,N910UA,ORD,ATL,101957,1330,606,896,10397
UA,ATL,101958,101958,N329UA,ORD,ATL,101958,1318,606,896,10397
UA,ATL,101959,101959,N337UA,ORD,ATL,101959,1310,606,896,10397
UA,ATL,101960,101960,N314UA,ORD,ATL,101960,1311,606,896,10397
UA,ATL,101961,101961,N350UA,ORD,ATL,101961,1311,606,896,10397
UA,ATL,101962,101962,N318UA,ORD,ATL,101962,1318,606,896,10397
UA,ATL,101963,101963,N366UA,ORD,ATL,101963,1309,606,896,10397
UA,ATL,101964,101964,N327UA,ORD,ATL,101964,1310,606,896,10397
UA,ATL,101965,101965,N335UA,ORD,ATL,101965,1323,606,896,10397
UA,ATL,101966,101966,N338UA,ORD,ATL,101966,1310,606,896,10397
UA,ATL,101967,101967,N365UA,ORD,ATL,101967,1413,606,896,10397
UA,ATL,101968,101968,N327UA,ORD,ATL,101968,1328,606,896,10397
UA,ATL,101969,101969,N348UA,ORD,ATL,101969,1330,606,896,10397
UA,ATL,101970,101970,,ORD,ATL,101970,,606,896,10397
UA,ATL,101971,101971,N301UA,ORD,ATL,101971,1314,606,896,10397
UA,ATL,101972,101972,N350UA,ORD,ATL,101972,1314,606,896,10397
UA,ATL,101973,101973,N313UA,ORD,ATL,101973,1319,606,896,10397
UA,ATL,101974,101974,N310UA,ORD,ATL,101974,1311,606,896,10397
UA,ATL,101975,101975,N346UA,ORD,ATL,101975,1310,606,896,10397
UA,ATL,101976,101976,N903UA,ORD,ATL,101976,1309,606,896,10397
UA,ATL,101977,101977,N329UA,ORD,ATL,101977,1315,606,896,10397
UA,ATL,101978,101978,N338UA,ORD,ATL,101978,1335,606,896,10397
UA,ATL,101979,101979,N338UA,ORD,ATL,101979,1315,606,896,10397
UA,ATL,101980,101980,,ORD,ATL,101980,,606,896,10397
UA,ATL,101981,101981,N301UA,ORD,ATL,101981,1312,606,896,10397
UA,ATL,101982,101982,N342UA,ORD,ATL,101982,1337,606,896,10397
YV,OKC,102,102,N77302,ORD,OKC,102,1251,693,7379,13851
UA,SFO,102200,102200,N559UA,ORD,SFO,102200,1744,1846,907,14771
UA,SFO,102201,102201,N539UA,ORD,SFO,102201,1702,1846,907,14771
UA,SFO,102202,102202,N540UA,ORD,SFO,102202,1725,1846,907,14771
UA,SFO,102203,102203,N539UA,ORD,SFO,102203,1734,1846,907,14771
UA,SFO,102204,102204,N574UA,ORD,SFO,102204,1711,1846,907,14771
UA,SFO,102205,102205,N563UA,ORD,SFO,102205,1756,1846,907,14771
UA,SFO,102206,102206,,ORD,SFO,102206,,1846,907,14771
UA,SFO,102207,102207,N676UA,ORD,SFO,102207,1709,1846,907,14771
UA,SFO,102208,102208,N671UA,ORD,SFO,102208,1656,1846,907,14771
UA,SFO,102209,102209,N675UA,ORD,SFO,102209,1720,1846,907,14771
OH,CVG,10221,10221,N967CA,MSP,CVG,10221,1530,596,5156,11193
UA,SFO,102210,102210,N431UA,ORD,SFO,102210,1741,1846,907,14771
UA,SFO,102211,102211,N844UA,ORD,SFO,102211,1705,1846,907,14771
UA,SFO,102212,102212,N213UA,ORD,SFO,102212,1707,1846,907,14771
UA,SFO,102213,102213,N666UA,ORD,SFO,102213,1701,1846,907,14771
UA,SFO,102214,102214,N675UA,ORD,SFO,102214,1708,1846,907,14771
UA,SFO,102215,102215,N675UA,ORD,SFO,102215,1657,1846,907,14771
UA,SFO,102216,102216,N567UA,ORD,SFO,102216,1845,1846,907,14771
UA,SFO,102217,102217,N588UA,ORD,SFO,102217,1721,1846,907,14771
UA,SFO,102218,102218,N173UA,ORD,SFO,102218,1824,1846,907,14771
UA,SFO,102219,102219,,ORD,SFO,102219,,1846,907,14771
UA,SFO,102220,102220,N666UA,ORD,SFO,102220,1707,1846,907,14771
UA,SFO,102221,102221,N669UA,ORD,SFO,102221,1803,1846,907,14771
UA,SFO,102222,102222,N672UA,ORD,SFO,102222,1704,1846,907,14771
UA,SFO,102223,102223,N666UA,ORD,SFO,102223,1700,1846,907,14771
UA,SFO,102224,102224,N570UA,ORD,SFO,102224,1705,1846,907,14771
UA,SFO,102225,102225,N405UA,ORD,SFO,102225,1655,1846,907,14771
UA,SFO,102226,102226,N665UA,ORD,SFO,102226,1653,1846,907,14771
UA,SFO,102227,102227,N674UA,ORD,SFO,102227,1659,1846,907,14771
UA,SFO,102228,102228,N669UA,ORD,SFO,102228,1659,1846,907,14771
UA,SFO,102229,102229,N665UA,ORD,SFO,102229,1700,1846,907,14771
UA,SFO,102230,102230,N674UA,ORD,SFO,102230,1758,1846,907,14771
UA,DEN,102262,102262,N531UA,ORD,DEN,102262,1528,888,909,11292
UA,DEN,102263,102263,N535UA,ORD,DEN,102263,1644,888,909,11292
UA,DEN,102264,102264,N539UA,ORD,DEN,102264,1603,888,909,11292
UA,DEN,102265,102265,N521UA,ORD,DEN,102265,1506,888,909,11292
UA,DEN,102266,102266,N511UA,ORD,DEN,102266,1627,888,909,11292
UA,DEN,102267,102267,N584UA,ORD,DEN,102267,1759,888,909,11292
UA,DEN,102268,102268,N573UA,ORD,DEN,102268,1458,888,909,11292
UA,DEN,102269,102269,N582UA,ORD,DEN,102269,1520,888,909,11292
UA,DEN,102270,102270,N577UA,ORD,DEN,102270,1505,888,909,11292
UA,DEN,102271,102271,N572UA,ORD,DEN,102271,1510,888,909,11292
UA,DEN,102272,102272,N581UA,ORD,DEN,102272,1458,888,909,11292
UA,DEN,102273,102273,N586UA,ORD,DEN,102273,1534,888,909,11292
UA,DEN,102274,102274,N675UA,ORD,DEN,102274,1509,888,909,11292
UA,DEN,102275,102275,N570UA,ORD,DEN,102275,1501,888,909,11292
UA,DEN,102276,102276,N572UA,ORD,DEN,102276,1500,888,909,11292
UA,DEN,102277,102277,N501UA,ORD,DEN,102277,1533,888,909,11292
UA,DEN,102278,102278,N596UA,ORD,DEN,102278,1658,888,909,11292
UA,DEN,102279,102279,N570UA,ORD,DEN,102279,1502,888,909,11292
UA,DEN,102280,102280,N578UA,ORD,DEN,102280,1523,888,909,11292
UA,DEN,102281,102281,N211UA,ORD,DEN,102281,1728,888,909,11292
UA,DEN,102282,102282,N577UA,ORD,DEN,102282,1515,888,909,11292
UA,DEN,102283,102283,N523UA,ORD,DEN,102283,1512,888,909,11292
UA,DEN,102284,102284,N593UA,ORD,DEN,102284,1626,888,909,11292
UA,DEN,102285,102285,N581UA,ORD,DEN,102285,1459,888,909,11292
UA,DEN,102286,102286,N507UA,ORD,DEN,102286,1532,888,909,11292
UA,DEN,102287,102287,N535UA,ORD,DEN,102287,1525,888,909,11292
UA,DEN,102288,102288,N671UA,ORD,DEN,102288,1522,888,909,11292
UA,DEN,102289,102289,N528UA,ORD,DEN,102289,1459,888,909,11292
UA,DEN,102290,102290,N533UA,ORD,DEN,102290,1503,888,909,11292
UA,DEN,102291,102291,N573UA,ORD,DEN,102291,1608,888,909,11292
UA,DEN,102292,102292,N535UA,ORD,DEN,102292,1541,888,909,11292
UA,IAH,102324,102324,N364UA,ORD,IAH,102324,1845,925,912,12266
UA,IAH,102325,102325,N203UA,ORD,IAH,102325,1758,925,912,12266
UA,IAH,102326,102326,N398UA,ORD,IAH,102326,1756,925,912,12266
UA,IAH,102327,102327,N203UA,ORD,IAH,102327,1741,925,912,12266
UA,IAH,102328,102328,N902UA,ORD,IAH,102328,1812,925,912,12266
UA,IAH,102329,102329,N310UA,ORD,IAH,102329,1826,925,912,12266
UA,IAD,102578,102578,N462UA,ORD,IAD,102578,0622,589,922,12264
UA,IAD,102579,102579,N413UA,ORD,IAD,102579,0703,589,922,12264
UA,IAD,102580,102580,N417UA,ORD,IAD,102580,0604,589,922,12264
UA,IAD,102581,102581,N828UA,ORD,IAD,102581,0708,589,922,12264
UA,IAD,102582,102582,N464UA,ORD,IAD,102582,0555,589,922,12264
UA,IAD,102583,102583,N411UA,ORD,IAD,102583,0556,589,922,12264
UA,IAD,102584,102584,N582UA,ORD,IAD,102584,0559,589,922,12264
UA,IAD,102585,102585,N579UA,ORD,IAD,102585,0613,589,922,12264
UA,IAD,102586,102586,,ORD,IAD,102586,,589,922,12264
UA,IAD,102587,102587,N584UA,ORD,IAD,102587,0557,589,922,12264
UA,IAD,102588,102588,N540UA,ORD,IAD,102588,0555,589,922,12264
UA,IAD,102589,102589,N906UA,ORD,IAD,102589,0555,589,922,12264
UA,IAD,102590,102590,N589UA,ORD,IAD,102590,0554,589,922,12264
UA,IAD,102591,102591,N570UA,ORD,IAD,102591,0601,589,922,12264
UA,IAD,102592,102592,N576UA,ORD,IAD,102592,0555,589,922,12264
UA,IAD,102593,102593,N504UA,ORD,IAD,102593,0607,589,922,12264
UA,IAD,102594,102594,N524UA,ORD,IAD,102594,0607,589,922,12264
UA,IAD,102595,102595,N942UA,ORD,IAD,102595,0559,589,922,12264
UA,IAD,102596,102596,N507UA,ORD,IAD,102596,0850,589,922,12264
UA,IAD,102597,102597,N511UA,ORD,IAD,102597,0558,589,922,12264
UA,IAD,102598,102598,N553UA,ORD,IAD,102598,0559,589,922,12264
UA,IAD,102599,102599,N593UA,ORD,IAD,102599,0602,589,922,12264
UA,IAD,102600,102600,N576UA,ORD,IAD,102600,0557,589,922,12264
UA,IAD,102601,102601,,ORD,IAD,102601,,589,922,12264
UA,IAD,102602,102602,N531UA,ORD,IAD,102602,0600,589,922,12264
UA,IAD,102603,102603,N528UA,ORD,IAD,102603,0558,589,922,12264
UA,IAD,102604,102604,N535UA,ORD,IAD,102604,0616,589,922,12264
UA,IAD,102605,102605,N570UA,ORD,IAD,102605,0600,589,922,12264
UA,PDX,102791,102791,N565UA,ORD,PDX,102791,1539,1739,929,14057
UA,PDX,102792,102792,N575UA,ORD,PDX,102792,1551,1739,929,14057
UA,PDX,102793,102793,N559UA,ORD,PDX,102793,1537,1739,929,14057
UA,PDX,102794,102794,N581UA,ORD,PDX,102794,1517,1739,929,14057
UA,PDX,102795,102795,N562UA,ORD,PDX,102795,1542,1739,929,14057
UA,PDX,102796,102796,N830UA,ORD,PDX,102796,1809,1739,929,14057
UA,PDX,102797,102797,N515UA,ORD,PDX,102797,1719,1739,929,14057
UA,PDX,102798,102798,N520UA,ORD,PDX,102798,1544,1739,929,14057
UA,PDX,102799,102799,N520UA,ORD,PDX,102799,1534,1739,929,14057
UA,PDX,102800,102800,N583UA,ORD,PDX,102800,1517,1739,929,14057
UA,PDX,102801,102801,N564UA,ORD,PDX,102801,1516,1739,929,14057
UA,PDX,102802,102802,N571UA,ORD,PDX,102802,1708,1739,929,14057
UA,PDX,102803,102803,N418UA,ORD,PDX,102803,1510,1739,929,14057
UA,PDX,102804,102804,N583UA,ORD,PDX,102804,1512,1739,929,14057
UA,PDX,102805,102805,N558UA,ORD,PDX,102805,1510,1739,929,14057
UA,PDX,102806,102806,N582UA,ORD,PDX,102806,1516,1739,929,14057
UA,PDX,102807,102807,N572UA,ORD,PDX,102807,1622,1739,929,14057
UA,PDX,102808,102808,N573UA,ORD,PDX,102808,1513,1739,929,14057
UA,PDX,102809,102809,N570UA,ORD,PDX,102809,1806,1739,929,14057
UA,PDX,102810,102810,N427UA,ORD,PDX,102810,1536,1739,929,14057
UA,PDX,102811,102811,N568UA,ORD,PDX,102811,1517,1739,929,14057
UA,PDX,102812,102812,N586UA,ORD,PDX,102812,1534,1739,929,14057
UA,PDX,102813,102813,N577UA,ORD,PDX,102813,1544,1739,929,14057
UA,PDX,102814,102814,N584UA,ORD,PDX,102814,1534,1739,929,14057
UA,PDX,102815,102815,N515UA,ORD,PDX,102815,1536,1739,929,14057
UA,PDX,102816,102816,N520UA,ORD,PDX,102816,1656,1739,929,14057
UA,PDX,102817,102817,N831UA,ORD,PDX,102817,1513,1739,929,14057
UA,PDX,102818,102818,N504UA,ORD,PDX,102818,1550,1739,929,14057
UA,PDX,102819,102819,N580UA,ORD,PDX,102819,1552,1739,929,14057
UA,PDX,102820,102820,N579UA,ORD,PDX,102820,1512,1739,929,14057
UA,PDX,102821,102821,N504UA,ORD,PDX,102821,1550,1739,929,14057
OH,JFK,10291,10291,,ORD,JFK,10291,,740,5232,12478
YV,ORF,103,103,N509MJ,ORD,ORF,103,2010,717,7132,13931
UA,DEN,103139,103139,N365UA,ORD,DEN,103139,1821,888,941,11292
UA,DEN,103140,103140,N347UA,ORD,DEN,103140,1944,888,941,11292
UA,DEN,103141,103141,N376UA,ORD,DEN,103141,1657,888,941,11292
UA,DEN,103142,103142,N399UA,ORD,DEN,103142,2001,888,941,11292
UA,DEN,103143,103143,N330UA,ORD,DEN,103143,1704,888,941,11292
UA,DEN,103144,103144,N398UA,ORD,DEN,103144,1812,888,941,11292
UA,DEN,103145,103145,N581UA,ORD,DEN,103145,1903,888,941,11292
UA,DEN,103146,103146,N524UA,ORD,DEN,103146,1648,888,941,11292
UA,DEN,103147,103147,N571UA,ORD,DEN,103147,1730,888,941,11292
UA,DEN,103148,103148,N503UA,ORD,DEN,103148,1726,888,941,11292
UA,DEN,103149,103149,N664UA,ORD,DEN,103149,1648,888,941,11292
UA,DEN,103150,103150,N919UA,ORD,DEN,103150,1650,888,941,11292
UA,DEN,103151,103151,N515UA,ORD,DEN,103151,1716,888,941,11292
UA,DEN,103152,103152,N534UA,ORD,DEN,103152,1745,888,941,11292
UA,DEN,103153,103153,N562UA,ORD,DEN,103153,1716,888,941,11292
UA,DEN,103154,103154,N539UA,ORD,DEN,103154,1655,888,941,11292
UA,DEN,103155,103155,N598UA,ORD,DEN,103155,1728,888,941,11292
UA,DEN,103156,103156,N669UA,ORD,DEN,103156,1657,888,941,11292
UA,DEN,103157,103157,N573UA,ORD,DEN,103157,1650,888,941,11292
UA,DEN,103158,103158,N566UA,ORD,DEN,103158,1727,888,941,11292
UA,DEN,103159,103159,N583UA,ORD,DEN,103159,1741,888,941,11292
UA,DEN,103160,103160,N528UA,ORD,DEN,103160,1932,888,941,11292
UA,DEN,103161,103161,N501UA,ORD,DEN,103161,1926,888,941,11292
UA,DEN,103162,103162,N571UA,ORD,DEN,103162,1654,888,941,11292
UA,DEN,103163,103163,N669UA,ORD,DEN,103163,1657,888,941,11292
UA,DEN,103164,103164,N515UA,ORD,DEN,103164,1647,888,941,11292
UA,DEN,103165,103165,N526UA,ORD,DEN,103165,1646,888,941,11292
UA,DEN,103166,103166,N511UA,ORD,DEN,103166,1651,888,941,11292
UA,DEN,103167,103167,N572UA,ORD,DEN,103167,1819,888,941,11292
UA,DEN,103168,103168,N534UA,ORD,DEN,103168,1655,888,941,11292
UA,DEN,103169,103169,N516UA,ORD,DEN,103169,1850,888,941,11292
UA,LAX,103201,103201,N676UA,ORD,LAX,103201,1737,1745,943,12892
UA,LAX,103202,103202,N665UA,ORD,LAX,103202,1719,1745,943,12892
UA,LAX,103203,103203,N668UA,ORD,LAX,103203,1713,1745,943,12892
UA,LAX,103204,103204,N666UA,ORD,LAX,103204,1714,1745,943,12892
UA,LAX,103205,103205,,ORD,LAX,103205,,1745,943,12892
UA,LAX,103206,103206,N666UA,ORD,LAX,103206,2014,1745,943,12892
UA,LAX,103207,103207,N501UA,ORD,LAX,103207,1719,1745,943,12892
UA,LAX,103208,103208,N664UA,ORD,LAX,103208,1702,1745,943,12892
UA,LAX,103209,103209,N664UA,ORD,LAX,103209,1701,1745,943,12892
UA,LAX,103210,103210,N673UA,ORD,LAX,103210,1659,1745,943,12892
UA,LAX,103211,103211,N213UA,ORD,LAX,103211,1701,1745,943,12892
UA,LAX,103212,103212,N213UA,ORD,LAX,103212,1656,1745,943,12892
UA,LAX,103213,103213,N573UA,ORD,LAX,103213,1701,1745,943,12892
UA,LAX,103214,103214,N676UA,ORD,LAX,103214,1727,1745,943,12892
UA,LAX,103215,103215,N664UA,ORD,LAX,103215,1704,1745,943,12892
UA,LAX,103216,103216,N664UA,ORD,LAX,103216,1707,1745,943,12892
UA,LAX,103217,103217,N671UA,ORD,LAX,103217,1726,1745,943,12892
UA,LAX,103218,103218,N211UA,ORD,LAX,103218,1705,1745,943,12892
UA,LAX,103219,103219,N667UA,ORD,LAX,103219,1712,1745,943,12892
UA,LAX,103220,103220,N590UA,ORD,LAX,103220,1714,1745,943,12892
UA,LAX,103221,103221,N676UA,ORD,LAX,103221,1715,1745,943,12892
UA,LAX,103222,103222,N676UA,ORD,LAX,103222,1714,1745,943,12892
UA,LAX,103223,103223,N677UA,ORD,LAX,103223,1733,1745,943,12892
UA,LAX,103224,103224,N675UA,ORD,LAX,103224,1658,1745,943,12892
UA,LAX,103225,103225,N673UA,ORD,LAX,103225,1737,1745,943,12892
UA,LAX,103226,103226,N665UA,ORD,LAX,103226,1706,1745,943,12892
UA,LAX,103227,103227,N561UA,ORD,LAX,103227,1718,1745,943,12892
UA,LAX,103228,103228,N667UA,ORD,LAX,103228,1944,1745,943,12892
UA,LAX,103229,103229,N673UA,ORD,LAX,103229,1704,1745,943,12892
UA,LAX,103230,103230,N673UA,ORD,LAX,103230,1700,1745,943,12892
UA,LAX,103231,103231,N676UA,ORD,LAX,103231,1703,1745,943,12892
UA,LAX,103260,103260,N586UA,ORD,LAX,103260,1321,1745,945,12892
UA,LAX,103261,103261,N530UA,ORD,LAX,103261,1256,1745,945,12892
UA,LAX,103262,103262,N509UA,ORD,LAX,103262,1252,1745,945,12892
UA,LAX,103263,103263,N588UA,ORD,LAX,103263,1257,1745,945,12892
UA,LAX,103264,103264,N509UA,ORD,LAX,103264,1314,1745,945,12892
UA,LAX,103265,103265,N812UA,ORD,LAX,103265,1316,1745,945,12892
UA,LAX,103266,103266,N530UA,ORD,LAX,103266,1232,1745,945,12892
UA,LAX,103267,103267,N574UA,ORD,LAX,103267,1228,1745,945,12892
UA,LAX,103268,103268,N572UA,ORD,LAX,103268,1228,1745,945,12892
UA,LAX,103269,103269,N509UA,ORD,LAX,103269,1231,1745,945,12892
UA,LAX,103270,103270,N501UA,ORD,LAX,103270,1235,1745,945,12892
UA,LAX,103271,103271,N519UA,ORD,LAX,103271,1229,1745,945,12892
UA,LAX,103272,103272,N845UA,ORD,LAX,103272,1248,1745,945,12892
UA,LAX,103273,103273,N535UA,ORD,LAX,103273,1313,1745,945,12892
UA,LAX,103274,103274,N593UA,ORD,LAX,103274,1228,1745,945,12892
UA,LAX,103275,103275,N571UA,ORD,LAX,103275,1227,1745,945,12892
UA,LAX,103276,103276,N507UA,ORD,LAX,103276,1309,1745,945,12892
UA,LAX,103277,103277,N542UA,ORD,LAX,103277,1237,1745,945,12892
UA,LAX,103278,103278,N546UA,ORD,LAX,103278,1245,1745,945,12892
UA,LAX,103279,103279,N810UA,ORD,LAX,103279,1245,1745,945,12892
UA,LAX,103280,103280,N503UA,ORD,LAX,103280,1229,1745,945,12892
UA,LAX,103281,103281,N566UA,ORD,LAX,103281,1229,1745,945,12892
UA,LAX,103282,103282,,ORD,LAX,103282,,1745,945,12892
UA,LAX,103283,103283,N521UA,ORD,LAX,103283,1231,1745,945,12892
UA,LAX,103284,103284,N535UA,ORD,LAX,103284,1259,1745,945,12892
UA,LAX,103285,103285,N562UA,ORD,LAX,103285,1225,1745,945,12892
UA,LAX,103286,103286,N854UA,ORD,LAX,103286,1303,1745,945,12892
UA,LAX,103287,103287,N509UA,ORD,LAX,103287,1228,1745,945,12892
UA,LAX,103288,103288,N539UA,ORD,LAX,103288,1231,1745,945,12892
UA,LAX,103289,103289,N571UA,ORD,LAX,103289,1229,1745,945,12892
UA,LAX,103290,103290,N528UA,ORD,LAX,103290,1238,1745,945,12892
UA,SNA,103359,103359,N596UA,ORD,SNA,103359,0819,1726,948,14908
UA,SNA,103360,103360,N538UA,ORD,SNA,103360,0822,1726,948,14908
UA,SNA,103361,103361,N575UA,ORD,SNA,103361,0824,1726,948,14908
UA,SNA,103362,103362,N818UA,ORD,SNA,103362,0821,1726,948,14908
UA,SNA,103363,103363,N835UA,ORD,SNA,103363,0937,1726,948,14908
UA,SEA,103364,103364,N593UA,ORD,SEA,103364,1906,1721,949,14747
UA,SEA,103365,103365,N642UA,ORD,SEA,103365,1807,1721,949,14747
UA,SEA,103366,103366,N579UA,ORD,SEA,103366,1736,1721,949,14747
UA,SEA,103367,103367,N587UA,ORD,SEA,103367,1943,1721,949,14747
UA,SEA,103368,103368,N575UA,ORD,SEA,103368,1734,1721,949,14747
UA,SEA,103369,103369,N515UA,ORD,SEA,103369,1805,1721,949,14747
UA,SEA,103370,103370,N580UA,ORD,SEA,103370,1728,1721,949,14747
UA,SEA,103371,103371,N556UA,ORD,SEA,103371,1847,1721,949,14747
UA,SEA,103372,103372,N535UA,ORD,SEA,103372,1719,1721,949,14747
UA,SEA,103373,103373,N539UA,ORD,SEA,103373,1705,1721,949,14747
UA,SEA,103374,103374,N574UA,ORD,SEA,103374,1702,1721,949,14747
UA,SEA,103375,103375,N539UA,ORD,SEA,103375,1659,1721,949,14747
UA,SEA,103376,103376,N526UA,ORD,SEA,103376,1658,1721,949,14747
UA,SEA,103377,103377,N580UA,ORD,SEA,103377,1705,1721,949,14747
UA,SEA,103378,103378,N515UA,ORD,SEA,103378,1700,1721,949,14747
UA,SEA,103379,103379,N540UA,ORD,SEA,103379,1653,1721,949,14747
UA,SEA,103380,103380,N520UA,ORD,SEA,103380,1758,1721,949,14747
UA,SEA,103381,103381,N501UA,ORD,SEA,103381,1721,1721,949,14747
UA,SEA,103382,103382,N576UA,ORD,SEA,103382,1735,1721,949,14747
UA,SEA,103383,103383,N571UA,ORD,SEA,103383,1706,1721,949,14747
UA,SEA,103384,103384,N519UA,ORD,SEA,103384,1704,1721,949,14747
UA,SEA,103385,103385,N592UA,ORD,SEA,103385,1759,1721,949,14747
UA,SEA,103386,103386,N535UA,ORD,SEA,103386,1713,1721,949,14747
UA,SEA,103387,103387,N506UA,ORD,SEA,103387,1655,1721,949,14747
UA,SEA,103388,103388,N573UA,ORD,SEA,103388,1839,1721,949,14747
UA,SEA,103389,103389,N541UA,ORD,SEA,103389,1704,1721,949,14747
UA,SEA,103390,103390,N534UA,ORD,SEA,103390,1659,1721,949,14747
UA,SEA,103391,103391,N576UA,ORD,SEA,103391,1659,1721,949,14747
UA,SEA,103392,103392,N556UA,ORD,SEA,103392,1703,1721,949,14747
UA,SEA,103393,103393,N585UA,ORD,SEA,103393,1700,1721,949,14747
UA,SEA,103394,103394,N587UA,ORD,SEA,103394,1930,1721,949,14747
UA,IAD,103395,103395,N658UA,ORD,IAD,103395,1335,589,950,12264
UA,IAD,103396,103396,N649UA,ORD,IAD,103396,1314,589,950,12264
UA,IAD,103397,103397,,ORD,IAD,103397,,589,950,12264
UA,IAD,103398,103398,N644UA,ORD,IAD,103398,1317,589,950,12264
UA,IAD,103399,103399,N655UA,ORD,IAD,103399,1347,589,950,12264
UA,IAD,103400,103400,N656UA,ORD,IAD,103400,1310,589,950,12264
UA,IAD,103401,103401,N658UA,ORD,IAD,103401,1542,589,950,12264
UA,IAD,103402,103402,N667UA,ORD,IAD,103402,1327,589,950,12264
UA,IAD,103403,103403,N644UA,ORD,IAD,103403,1520,589,950,12264
UA,IAD,103404,103404,,ORD,IAD,103404,,589,950,12264
UA,IAD,103405,103405,N656UA,ORD,IAD,103405,1313,589,950,12264
UA,IAD,103406,103406,N657UA,ORD,IAD,103406,1311,589,950,12264
UA,IAD,103407,103407,N655UA,ORD,IAD,103407,1313,589,950,12264
UA,IAD,103408,103408,N657UA,ORD,IAD,103408,1341,589,950,12264
UA,IAD,103409,103409,,ORD,IAD,103409,,589,950,12264
UA,IAD,103410,103410,N663UA,ORD,IAD,103410,1544,589,950,12264
UA,IAD,103411,103411,N658UA,ORD,IAD,103411,1313,589,950,12264
UA,IAD,103412,103412,N646UA,ORD,IAD,103412,1409,589,950,12264
UA,IAD,103413,103413,N550UA,ORD,IAD,103413,1321,589,950,12264
UA,IAD,103414,103414,N655UA,ORD,IAD,103414,1314,589,950,12264
UA,IAD,103415,103415,N660UA,ORD,IAD,103415,1455,589,950,12264
UA,IAD,103416,103416,N641UA,ORD,IAD,103416,1530,589,950,12264
UA,IAD,103417,103417,N654UA,ORD,IAD,103417,1435,589,950,12264
UA,IAD,103418,103418,N660UA,ORD,IAD,103418,1319,589,950,12264
UA,IAD,103419,103419,N222UA,ORD,IAD,103419,2128,589,950,12264
UA,IAD,103420,103420,N648UA,ORD,IAD,103420,1346,589,950,12264
UA,IAD,103421,103421,N641UA,ORD,IAD,103421,1321,589,950,12264
UA,IAD,103422,103422,N654UA,ORD,IAD,103422,1314,589,950,12264
UA,IAD,103423,103423,N663UA,ORD,IAD,103423,1317,589,950,12264
UA,IAD,103424,103424,N652UA,ORD,IAD,103424,1322,589,950,12264
UA,IAD,103425,103425,N657UA,ORD,IAD,103425,1351,589,950,12264
OH,CVG,10362,10362,N999CA,MSP,CVG,10362,1920,596,5315,11193
UA,DEN,103620,103620,N570UA,ORD,DEN,103620,2044,888,959,11292
UA,DEN,103621,103621,N513UA,ORD,DEN,103621,2042,888,959,11292
UA,DEN,103622,103622,N584UA,ORD,DEN,103622,2103,888,959,11292
UA,DEN,103623,103623,N593UA,ORD,DEN,103623,2026,888,959,11292
UA,DEN,103624,103624,N594UA,ORD,DEN,103624,2003,888,959,11292
UA,DEN,103625,103625,,ORD,DEN,103625,,888,959,11292
UA,DEN,103626,103626,N330UA,ORD,DEN,103626,0009,888,959,11292
UA,DEN,103627,103627,N382UA,ORD,DEN,103627,2150,888,959,11292
UA,DEN,103628,103628,N346UA,ORD,DEN,103628,2054,888,959,11292
UA,DEN,103629,103629,N379UA,ORD,DEN,103629,2001,888,959,11292
UA,DEN,103630,103630,N379UA,ORD,DEN,103630,2046,888,959,11292
UA,DEN,103631,103631,N377UA,ORD,DEN,103631,2007,888,959,11292
UA,DEN,103632,103632,N539UA,ORD,DEN,103632,2013,888,959,11292
UA,DEN,103633,103633,,ORD,DEN,103633,,888,959,11292
UA,DEN,103634,103634,N369UA,ORD,DEN,103634,1955,888,959,11292
UA,DEN,103635,103635,N373UA,ORD,DEN,103635,2003,888,959,11292
UA,DEN,103636,103636,N929UA,ORD,DEN,103636,2233,888,959,11292
UA,DEN,103637,103637,N399UA,ORD,DEN,103637,2032,888,959,11292
UA,DEN,103638,103638,N932UA,ORD,DEN,103638,2218,888,959,11292
UA,DEN,103639,103639,N576UA,ORD,DEN,103639,1958,888,959,11292
UA,DEN,103640,103640,N349UA,ORD,DEN,103640,2106,888,959,11292
UA,DEN,103641,103641,N376UA,ORD,DEN,103641,2228,888,959,11292
UA,DEN,103642,103642,N374UA,ORD,DEN,103642,2035,888,959,11292
UA,DEN,103643,103643,N399UA,ORD,DEN,103643,2023,888,959,11292
UA,DEN,103644,103644,N379UA,ORD,DEN,103644,2007,888,959,11292
UA,DEN,103645,103645,N308UA,ORD,DEN,103645,2001,888,959,11292
UA,DEN,103646,103646,N541UA,ORD,DEN,103646,2122,888,959,11292
UA,DEN,103647,103647,N373UA,ORD,DEN,103647,2122,888,959,11292
UA,DEN,103648,103648,,ORD,DEN,103648,,888,959,11292
UA,DEN,103649,103649,N913UA,ORD,DEN,103649,2008,888,959,11292
UA,DEN,103650,103650,,ORD,DEN,103650,,888,959,11292
UA,MCI,103651,103651,N835UA,ORD,MCI,103651,2217,403,961,13198
UA,MCI,103652,103652,N835UA,ORD,MCI,103652,2107,403,961,13198
UA,MCI,103653,103653,N855UA,ORD,MCI,103653,2131,403,961,13198
UA,MCI,103654,103654,N809UA,ORD,MCI,103654,2053,403,961,13198
UA,MCI,103655,103655,N516UA,ORD,MCI,103655,2206,403,961,13198
UA,DEN,103752,103752,N370UA,ORD,DEN,103752,0914,888,972,11292
UA,DEN,103753,103753,N386UA,ORD,DEN,103753,0911,888,972,11292
UA,DEN,103754,103754,N375UA,ORD,DEN,103754,0910,888,972,11292
UA,DEN,103755,103755,N373UA,ORD,DEN,103755,0918,888,972,11292
UA,DEN,103756,103756,N659UA,ORD,DEN,103756,1025,888,972,11292
UA,DEN,103757,103757,N346UA,ORD,DEN,103757,0944,888,972,11292
UA,ATL,103763,103763,N838UA,ORD,ATL,103763,1040,606,975,10397
UA,ATL,103764,103764,N456UA,ORD,ATL,103764,1112,606,975,10397
UA,ATL,103765,103765,N418UA,ORD,ATL,103765,1035,606,975,10397
UA,ATL,103766,103766,N838UA,ORD,ATL,103766,1041,606,975,10397
UA,ATL,103767,103767,N370UA,ORD,ATL,103767,1056,606,975,10397
UA,ATL,103768,103768,N804UA,ORD,ATL,103768,1124,606,975,10397
UA,IAD,103815,103815,,ORD,IAD,103815,,589,982,12264
UA,IAD,103816,103816,N654UA,ORD,IAD,103816,2028,589,982,12264
UA,IAD,103817,103817,N663UA,ORD,IAD,103817,1747,589,982,12264
UA,IAD,103818,103818,N657UA,ORD,IAD,103818,2025,589,982,12264
UA,IAD,103819,103819,N533UA,ORD,IAD,103819,1856,589,982,12264
UA,IAD,103820,103820,N654UA,ORD,IAD,103820,1804,589,982,12264
UA,IAD,103821,103821,,ORD,IAD,103821,,589,982,12264
UA,IAD,103822,103822,N653UA,ORD,IAD,103822,2012,589,982,12264
UA,IAD,103823,103823,N211UA,ORD,IAD,103823,1747,589,982,12264
UA,IAD,103824,103824,N663UA,ORD,IAD,103824,1918,589,982,12264
UA,IAD,103825,103825,N659UA,ORD,IAD,103825,1754,589,982,12264
UA,IAD,103826,103826,N655UA,ORD,IAD,103826,1758,589,982,12264
UA,IAD,103827,103827,,ORD,IAD,103827,,589,982,12264
UA,IAD,103828,103828,N661UA,ORD,IAD,103828,1755,589,982,12264
UA,IAD,103829,103829,N660UA,ORD,IAD,103829,1749,589,982,12264
UA,IAD,103830,103830,N644UA,ORD,IAD,103830,1747,589,982,12264
UA,IAD,103831,103831,N542UA,ORD,IAD,103831,1842,589,982,12264
UA,IAD,103832,103832,N655UA,ORD,IAD,103832,1759,589,982,12264
UA,IAD,103833,103833,N662UA,ORD,IAD,103833,1826,589,982,12264
UA,IAD,103834,103834,N661UA,ORD,IAD,103834,1758,589,982,12264
UA,IAD,103835,103835,N655UA,ORD,IAD,103835,2100,589,982,12264
UA,IAD,103836,103836,N211UA,ORD,IAD,103836,1803,589,982,12264
UA,IAD,103837,103837,N642UA,ORD,IAD,103837,1851,589,982,12264
UA,IAD,103838,103838,N644UA,ORD,IAD,103838,1759,589,982,12264
UA,IAD,103839,103839,N658UA,ORD,IAD,103839,1847,589,982,12264
UA,IAD,103840,103840,N659UA,ORD,IAD,103840,1835,589,982,12264
UA,IAD,103841,103841,N663UA,ORD,IAD,103841,1754,589,982,12264
UA,IAD,103842,103842,N651UA,ORD,IAD,103842,2120,589,982,12264
UA,IAD,103843,103843,N641UA,ORD,IAD,103843,2003,589,982,12264
UA,IAD,103844,103844,N659UA,ORD,IAD,103844,1914,589,982,12264
UA,IAD,103845,103845,N660UA,ORD,IAD,103845,1948,589,982,12264
OH,CVG,10387,10387,N34CA,ORD,CVG,10387,0750,264,5348,11193
UA,MCO,103932,103932,N501UA,ORD,MCO,103932,1949,1005,1011,13204
UA,MCO,103933,103933,N568UA,ORD,MCO,103933,1557,1005,1011,13204
UA,MCO,103934,103934,N531UA,ORD,MCO,103934,1617,1005,1011,13204
UA,MCO,103935,103935,N519UA,ORD,MCO,103935,1550,1005,1011,13204
UA,FLL,103940,103940,N326UA,ORD,FLL,103940,1647,1182,1014,11697
UA,FLL,103941,103941,N327UA,ORD,FLL,103941,1646,1182,1014,11697
UA,FLL,103942,103942,N328UA,ORD,FLL,103942,1650,1182,1014,11697
UA,DEN,103963,103963,N553UA,ORD,DEN,103963,2153,888,1019,11292
UA,BOS,103964,103964,N334UA,ORD,BOS,103964,0614,867,1020,10721
UA,BOS,103965,103965,,ORD,BOS,103965,,867,1020,10721
UA,BOS,103966,103966,N846UA,ORD,BOS,103966,0644,867,1020,10721
UA,BOS,103967,103967,N836UA,ORD,BOS,103967,0644,867,1020,10721
OH,JFK,10397,10397,N796CA,ORD,JFK,10397,0700,740,5360,12478
UA,FLL,103972,103972,N533UA,ORD,FLL,103972,1047,1182,1022,11697
UA,FLL,103973,103973,N364UA,ORD,FLL,103973,1040,1182,1022,11697
UA,FLL,103974,103974,N329UA,ORD,FLL,103974,1040,1182,1022,11697
UA,LAX,103990,103990,N426UA,ORD,LAX,103990,0702,1745,1029,12892
UA,LAX,103991,103991,N813UA,ORD,LAX,103991,0557,1745,1029,12892
UA,LAX,103992,103992,N840UA,ORD,LAX,103992,0603,1745,1029,12892
UA,LAX,103993,103993,N805UA,ORD,LAX,103993,0606,1745,1029,12892
UA,DEN,103997,103997,N843UA,ORD,DEN,103997,2123,888,1032,11292
UA,DEN,103998,103998,N852UA,ORD,DEN,103998,2106,888,1032,11292
UA,DEN,103999,103999,N850UA,ORD,DEN,103999,2206,888,1032,11292
YV,ORF,104,104,N513MJ,ORD,ORF,104,0905,717,7134,13931
UA,DEN,104000,104000,N851UA,ORD,DEN,104000,2112,888,1032,11292
UA,DEN,104001,104001,N435UA,ORD,DEN,104001,2140,888,1032,11292
UA,DEN,104002,104002,N810UA,ORD,DEN,104002,2127,888,1032,11292
OH,JFK,10406,10406,N712CA,ORD,JFK,10406,1736,740,5366,12478
UA,STT,104103,104103,N543UA,ORD,STT,104103,0820,2116,1065,15024
UA,STT,104104,104104,N428UA,ORD,STT,104104,0831,2116,1065,15024
UA,STT,104105,104105,N578UA,ORD,STT,104105,0924,2116,1065,15024
UA,STT,104106,104106,N412UA,ORD,STT,104106,0825,2116,1065,15024
UA,STT,104107,104107,N586UA,ORD,STT,104107,0828,2116,1065,15024
UA,STT,104108,104108,N412UA,ORD,STT,104108,0841,2116,1065,15024
UA,STT,104109,104109,N582UA,ORD,STT,104109,0820,2116,1065,15024
UA,STT,104110,104110,N413UA,ORD,STT,104110,0821,2116,1065,15024
UA,PBI,104154,104154,N329UA,ORD,PBI,104154,1048,1144,1089,14027
UA,PBI,104155,104155,N350UA,ORD,PBI,104155,1045,1144,1089,14027
UA,PBI,104156,104156,N378UA,ORD,PBI,104156,1053,1144,1089,14027
UA,MCO,104157,104157,N811UA,ORD,MCO,104157,0946,1005,1090,13204
UA,MCO,104158,104158,N818UA,ORD,MCO,104158,0945,1005,1090,13204
UA,MCO,104159,104159,N476UA,ORD,MCO,104159,0941,1005,1090,13204
UA,FLL,104187,104187,N835UA,ORD,FLL,104187,1047,1182,1096,11697
UA,FLL,104188,104188,N818UA,ORD,FLL,104188,1146,1182,1096,11697
UA,FLL,104189,104189,N837UA,ORD,FLL,104189,1207,1182,1096,11697
UA,DFW,104193,104193,N312UA,ORD,DFW,104193,0823,802,1101,11298
UA,DFW,104194,104194,,ORD,DFW,104194,,802,1101,11298
UA,DFW,104195,104195,N313UA,ORD,DFW,104195,0905,802,1101,11298
UA,DFW,104196,104196,N339UA,ORD,DFW,104196,0829,802,1101,11298
UA,DFW,104197,104197,N348UA,ORD,DFW,104197,0807,802,1101,11298
UA,DFW,104198,104198,N919UA,ORD,DFW,104198,0813,802,1101,11298
UA,DFW,104199,104199,N350UA,ORD,DFW,104199,0838,802,1101,11298
UA,DFW,104200,104200,N312UA,ORD,DFW,104200,0811,802,1101,11298
UA,DFW,104201,104201,N383UA,ORD,DFW,104201,0808,802,1101,11298
UA,DFW,104202,104202,N202UA,ORD,DFW,104202,0804,802,1101,11298
UA,DFW,104203,104203,N347UA,ORD,DFW,104203,0813,802,1101,11298
UA,DFW,104204,104204,N933UA,ORD,DFW,104204,0812,802,1101,11298
UA,DFW,104205,104205,N337UA,ORD,DFW,104205,0827,802,1101,11298
UA,DFW,104206,104206,N327UA,ORD,DFW,104206,0906,802,1101,11298
UA,DFW,104207,104207,N348UA,ORD,DFW,104207,0806,802,1101,11298
UA,DFW,104208,104208,N336UA,ORD,DFW,104208,0806,802,1101,11298
UA,DFW,104209,104209,N325UA,ORD,DFW,104209,0810,802,1101,11298
UA,DFW,104210,104210,N938UA,ORD,DFW,104210,0813,802,1101,11298
UA,DFW,104211,104211,N314UA,ORD,DFW,104211,0808,802,1101,11298
UA,DFW,104212,104212,N922UA,ORD,DFW,104212,0809,802,1101,11298
UA,DFW,104213,104213,N348UA,ORD,DFW,104213,0807,802,1101,11298
UA,DFW,104214,104214,N351UA,ORD,DFW,104214,0826,802,1101,11298
UA,SFO,104239,104239,N841UA,ORD,SFO,104239,1246,1846,1105,14771
UA,SFO,104240,104240,N564UA,ORD,SFO,104240,1301,1846,1105,14771
UA,CLE,104241,104241,N306UA,ORD,CLE,104241,1621,316,1107,11042
UA,CLE,104242,104242,N398UA,ORD,CLE,104242,1616,316,1107,11042
UA,CLE,104243,104243,N315UA,ORD,CLE,104243,1617,316,1107,11042
UA,CLE,104244,104244,N338UA,ORD,CLE,104244,1623,316,1107,11042
UA,CLE,104245,104245,N365UA,ORD,CLE,104245,1616,316,1107,11042
UA,CLE,104246,104246,N306UA,ORD,CLE,104246,1616,316,1107,11042
UA,CLE,104247,104247,N937UA,ORD,CLE,104247,1647,316,1107,11042
UA,CLE,104248,104248,N921UA,ORD,CLE,104248,1627,316,1107,11042
UA,CLE,104249,104249,N336UA,ORD,CLE,104249,1617,316,1107,11042
UA,CLE,104250,104250,N923UA,ORD,CLE,104250,1618,316,1107,11042
UA,CLE,104251,104251,,ORD,CLE,104251,,316,1107,11042
UA,CLE,104252,104252,N906UA,ORD,CLE,104252,1647,316,1107,11042
UA,CLE,104253,104253,N306UA,ORD,CLE,104253,1642,316,1107,11042
UA,CLE,104254,104254,N305UA,ORD,CLE,104254,1614,316,1107,11042
UA,CLE,104255,104255,N921UA,ORD,CLE,104255,1816,316,1107,11042
UA,CLE,104256,104256,N921UA,ORD,CLE,104256,1636,316,1107,11042
UA,CLE,104257,104257,N304UA,ORD,CLE,104257,1636,316,1107,11042
UA,CLE,104258,104258,N315UA,ORD,CLE,104258,1625,316,1107,11042
UA,CLE,104259,104259,N350UA,ORD,CLE,104259,1616,316,1107,11042
UA,CLE,104260,104260,N342UA,ORD,CLE,104260,1705,316,1107,11042
UA,CLE,104261,104261,N907UA,ORD,CLE,104261,1626,316,1107,11042
UA,CLE,104262,104262,N930UA,ORD,CLE,104262,1739,316,1107,11042
UA,CLE,104263,104263,N301UA,ORD,CLE,104263,1626,316,1107,11042
UA,CLE,104264,104264,N365UA,ORD,CLE,104264,1619,316,1107,11042
UA,CLE,104265,104265,,ORD,CLE,104265,,316,1107,11042
UA,BDL,104303,104303,N539UA,ORD,BDL,104303,1317,783,1114,10529
UA,BDL,104304,104304,N501UA,ORD,BDL,104304,1430,783,1114,10529
UA,BDL,104305,104305,N538UA,ORD,BDL,104305,1315,783,1114,10529
UA,BDL,104306,104306,N556UA,ORD,BDL,104306,1326,783,1114,10529
UA,BDL,104307,104307,N561UA,ORD,BDL,104307,1317,783,1114,10529
UA,BDL,104308,104308,N522UA,ORD,BDL,104308,1319,783,1114,10529
UA,BDL,104309,104309,N570UA,ORD,BDL,104309,1318,783,1114,10529
UA,BDL,104310,104310,N585UA,ORD,BDL,104310,1316,783,1114,10529
UA,BDL,104311,104311,N520UA,ORD,BDL,104311,1311,783,1114,10529
UA,BDL,104312,104312,N593UA,ORD,BDL,104312,1318,783,1114,10529
UA,BDL,104313,104313,N590UA,ORD,BDL,104313,1322,783,1114,10529
UA,BDL,104314,104314,N556UA,ORD,BDL,104314,1316,783,1114,10529
UA,BDL,104315,104315,N593UA,ORD,BDL,104315,1321,783,1114,10529
UA,BDL,104316,104316,N538UA,ORD,BDL,104316,1315,783,1114,10529
UA,BDL,104317,104317,N593UA,ORD,BDL,104317,1319,783,1114,10529
UA,BDL,104318,104318,N515UA,ORD,BDL,104318,1316,783,1114,10529
UA,BDL,104319,104319,N520UA,ORD,BDL,104319,1320,783,1114,10529
UA,BDL,104320,104320,N594UA,ORD,BDL,104320,1318,783,1114,10529
UA,BDL,104321,104321,N537UA,ORD,BDL,104321,1335,783,1114,10529
UA,BDL,104322,104322,N540UA,ORD,BDL,104322,1320,783,1114,10529
UA,BDL,104323,104323,N535UA,ORD,BDL,104323,1312,783,1114,10529
UA,BDL,104324,104324,N561UA,ORD,BDL,104324,1317,783,1114,10529
UA,BDL,104325,104325,N558UA,ORD,BDL,104325,1314,783,1114,10529
UA,BDL,104326,104326,N533UA,ORD,BDL,104326,1315,783,1114,10529
UA,BDL,104327,104327,N536UA,ORD,BDL,104327,1401,783,1114,10529
UA,STL,104328,104328,N370UA,ORD,STL,104328,1334,258,1117,15016
UA,STL,104329,104329,N906UA,ORD,STL,104329,1333,258,1117,15016
UA,STL,104330,104330,N339UA,ORD,STL,104330,1334,258,1117,15016
UA,BWI,104331,104331,N373UA,ORD,BWI,104331,2046,622,1118,10821
UA,BWI,104332,104332,N315UA,ORD,BWI,104332,2039,622,1118,10821
UA,BWI,104333,104333,N335UA,ORD,BWI,104333,2042,622,1118,10821
UA,MCO,104334,104334,N340UA,ORD,MCO,104334,0910,1005,1118,13204
UA,MCO,104335,104335,N303UA,ORD,MCO,104335,0907,1005,1118,13204
UA,MCO,104336,104336,N328UA,ORD,MCO,104336,0941,1005,1118,13204
UA,MCI,104587,104587,N571UA,ORD,MCI,104587,2150,403,1129,13198
UA,BTV,104588,104588,N844UA,ORD,BTV,104588,1930,763,1130,10785
UA,BTV,104589,104589,N830UA,ORD,BTV,104589,1811,763,1130,10785
UA,BTV,104590,104590,N827UA,ORD,BTV,104590,1746,763,1130,10785
UA,BTV,104591,104591,N840UA,ORD,BTV,104591,1812,763,1130,10785
UA,BTV,104592,104592,N838UA,ORD,BTV,104592,1745,763,1130,10785
UA,BTV,104593,104593,N811UA,ORD,BTV,104593,1843,763,1130,10785
UA,BTV,104594,104594,N810UA,ORD,BTV,104594,1802,763,1130,10785
UA,BTV,104595,104595,N812UA,ORD,BTV,104595,1754,763,1130,10785
UA,BTV,104596,104596,N851UA,ORD,BTV,104596,1755,763,1130,10785
UA,BTV,104597,104597,N826UA,ORD,BTV,104597,1811,763,1130,10785
UA,BTV,104598,104598,N829UA,ORD,BTV,104598,1958,763,1130,10785
UA,BTV,104599,104599,N813UA,ORD,BTV,104599,1758,763,1130,10785
UA,BTV,104600,104600,N804UA,ORD,BTV,104600,1833,763,1130,10785
UA,BTV,104601,104601,N416UA,ORD,BTV,104601,,763,1130,10785
UA,BTV,104602,104602,N853UA,ORD,BTV,104602,1906,763,1130,10785
UA,BTV,104603,104603,N814UA,ORD,BTV,104603,1941,763,1130,10785
UA,BTV,104604,104604,N838UA,ORD,BTV,104604,1839,763,1130,10785
UA,BTV,104605,104605,N801UA,ORD,BTV,104605,1746,763,1130,10785
UA,BTV,104606,104606,N806UA,ORD,BTV,104606,1744,763,1130,10785
UA,BTV,104607,104607,N805UA,ORD,BTV,104607,1941,763,1130,10785
UA,BTV,104608,104608,N841UA,ORD,BTV,104608,1754,763,1130,10785
UA,BTV,104609,104609,N848UA,ORD,BTV,104609,1753,763,1130,10785
UA,BTV,104610,104610,N850UA,ORD,BTV,104610,1836,763,1130,10785
UA,BTV,104611,104611,N840UA,ORD,BTV,104611,1743,763,1130,10785
UA,BTV,104612,104612,N841UA,ORD,BTV,104612,1812,763,1130,10785
UA,JAX,104613,104613,,ORD,JAX,104613,,865,1130,12451
UA,JAX,104614,104614,N823UA,ORD,JAX,104614,1821,865,1130,12451
UA,JAX,104615,104615,N811UA,ORD,JAX,104615,1857,865,1130,12451
UA,JAX,104616,104616,N847UA,ORD,JAX,104616,2125,865,1130,12451
UA,JAX,104617,104617,N802UA,ORD,JAX,104617,1904,865,1130,12451
UA,JAX,104618,104618,N811UA,ORD,JAX,104618,1925,865,1130,12451
UA,BUF,104728,104728,N811UA,ORD,BUF,104728,1113,473,1136,10792
UA,BUF,104729,104729,N433UA,ORD,BUF,104729,1134,473,1136,10792
UA,BUF,104730,104730,N838UA,ORD,BUF,104730,1114,473,1136,10792
UA,BUF,104731,104731,N437UA,ORD,BUF,104731,1519,473,1136,10792
UA,BUF,104732,104732,N932UA,ORD,BUF,104732,1122,473,1136,10792
UA,BUF,104733,104733,N854UA,ORD,BUF,104733,1109,473,1136,10792
UA,BUF,104848,104848,N913UA,ORD,BUF,104848,1401,473,1142,10792
UA,BUF,104849,104849,N933UA,ORD,BUF,104849,1339,473,1142,10792
UA,BUF,104850,104850,N371UA,ORD,BUF,104850,1336,473,1142,10792
UA,BUF,104851,104851,N910UA,ORD,BUF,104851,1317,473,1142,10792
UA,BUF,104852,104852,N365UA,ORD,BUF,104852,1313,473,1142,10792
UA,BUF,104853,104853,N404UA,ORD,BUF,104853,1521,473,1142,10792
UA,BUF,104854,104854,N381UA,ORD,BUF,104854,1345,473,1142,10792
UA,BUF,104855,104855,N327UA,ORD,BUF,104855,1327,473,1142,10792
UA,BUF,104856,104856,N348UA,ORD,BUF,104856,1323,473,1142,10792
UA,BUF,104857,104857,N342UA,ORD,BUF,104857,1325,473,1142,10792
UA,BUF,104858,104858,N332UA,ORD,BUF,104858,1314,473,1142,10792
UA,BUF,104859,104859,N364UA,ORD,BUF,104859,1320,473,1142,10792
UA,BUF,104860,104860,N301UA,ORD,BUF,104860,1341,473,1142,10792
UA,BUF,104861,104861,N346UA,ORD,BUF,104861,1326,473,1142,10792
UA,BUF,104862,104862,N306UA,ORD,BUF,104862,1317,473,1142,10792
UA,BUF,104863,104863,N302UA,ORD,BUF,104863,1316,473,1142,10792
UA,BUF,104864,104864,N314UA,ORD,BUF,104864,1322,473,1142,10792
UA,BUF,104865,104865,N375UA,ORD,BUF,104865,1316,473,1142,10792
UA,BUF,104866,104866,N310UA,ORD,BUF,104866,1319,473,1142,10792
UA,BUF,104867,104867,N325UA,ORD,BUF,104867,1318,473,1142,10792
UA,BUF,104868,104868,N313UA,ORD,BUF,104868,1428,473,1142,10792
UA,BUF,104869,104869,N338UA,ORD,BUF,104869,1409,473,1142,10792
UA,BUF,104870,104870,N302UA,ORD,BUF,104870,1349,473,1142,10792
UA,BUF,104871,104871,N308UA,ORD,BUF,104871,1319,473,1142,10792
UA,BUF,104872,104872,N334UA,ORD,BUF,104872,1320,473,1142,10792
UA,BUF,104873,104873,N921UA,ORD,BUF,104873,1316,473,1142,10792
UA,BUF,104874,104874,N914UA,ORD,BUF,104874,1320,473,1142,10792
UA,BUF,104875,104875,N301UA,ORD,BUF,104875,1317,473,1142,10792
UA,BUF,104876,104876,,ORD,BUF,104876,,473,1142,10792
UA,BUF,104877,104877,N335UA,ORD,BUF,104877,1320,473,1142,10792
UA,BUF,104878,104878,N365UA,ORD,BUF,104878,1344,473,1142,10792
OH,JFK,10494,10494,N693CA,ORD,JFK,10494,1335,740,5466,12478
UA,DAY,104979,104979,N411UA,ORD,DAY,104979,2014,240,1146,11267
UA,DAY,104980,104980,N801UA,ORD,DAY,104980,2027,240,1146,11267
UA,DAY,104981,104981,N820UA,ORD,DAY,104981,1911,240,1146,11267
UA,DAY,104982,104982,N851UA,ORD,DAY,104982,1908,240,1146,11267
UA,DAY,104983,104983,N836UA,ORD,DAY,104983,1904,240,1146,11267
UA,DAY,104984,104984,N823UA,ORD,DAY,104984,1912,240,1146,11267
UA,DAY,104985,104985,N822UA,ORD,DAY,104985,1929,240,1146,11267
UA,DAY,104986,104986,,ORD,DAY,104986,,240,1146,11267
UA,DAY,104987,104987,N413UA,ORD,DAY,104987,1903,240,1146,11267
UA,DAY,104988,104988,N854UA,ORD,DAY,104988,2206,240,1146,11267
UA,DAY,104989,104989,N811UA,ORD,DAY,104989,2004,240,1146,11267
UA,DAY,104990,104990,N802UA,ORD,DAY,104990,1907,240,1146,11267
UA,DAY,104991,104991,N831UA,ORD,DAY,104991,1929,240,1146,11267
UA,DAY,104992,104992,N821UA,ORD,DAY,104992,2005,240,1146,11267
UA,DAY,104993,104993,N848UA,ORD,DAY,104993,2037,240,1146,11267
UA,DAY,104994,104994,N831UA,ORD,DAY,104994,1905,240,1146,11267
UA,DAY,104995,104995,N808UA,ORD,DAY,104995,1912,240,1146,11267
UA,DAY,104996,104996,N814UA,ORD,DAY,104996,1906,240,1146,11267
UA,DAY,104997,104997,N846UA,ORD,DAY,104997,1854,240,1146,11267
UA,DAY,104998,104998,N835UA,ORD,DAY,104998,1905,240,1146,11267
UA,DAY,104999,104999,N444UA,ORD,DAY,104999,1938,240,1146,11267
YV,ORF,105,105,N504MJ,ORD,ORF,105,,717,7144,13931
UA,DAY,105000,105000,N845UA,ORD,DAY,105000,0047,240,1146,11267
UA,DFW,105007,105007,N938UA,ORD,DFW,105007,1635,802,1147,11298
UA,DFW,105008,105008,N906UA,ORD,DFW,105008,1453,802,1147,11298
UA,DFW,105009,105009,N937UA,ORD,DFW,105009,1445,802,1147,11298
UA,DFW,105010,105010,N906UA,ORD,DFW,105010,1448,802,1147,11298
UA,DFW,105011,105011,N933UA,ORD,DFW,105011,1441,802,1147,11298
UA,DFW,105012,105012,N942UA,ORD,DFW,105012,1449,802,1147,11298
UA,DFW,105013,105013,N304UA,ORD,DFW,105013,1540,802,1147,11298
UA,DFW,105014,105014,N386UA,ORD,DFW,105014,1456,802,1147,11298
UA,DFW,105015,105015,N329UA,ORD,DFW,105015,1527,802,1147,11298
UA,DFW,105016,105016,N398UA,ORD,DFW,105016,1501,802,1147,11298
UA,DFW,105017,105017,N330UA,ORD,DFW,105017,1454,802,1147,11298
UA,DFW,105018,105018,N905UA,ORD,DFW,105018,1455,802,1147,11298
UA,DFW,105019,105019,N932UA,ORD,DFW,105019,1454,802,1147,11298
OH,CVG,10502,10502,,MSP,CVG,10502,,596,5474,11193
UA,DFW,105020,105020,N305UA,ORD,DFW,105020,1453,802,1147,11298
UA,DFW,105021,105021,N381UA,ORD,DFW,105021,1454,802,1147,11298
UA,DFW,105022,105022,N337UA,ORD,DFW,105022,1531,802,1147,11298
UA,DFW,105023,105023,N306UA,ORD,DFW,105023,1455,802,1147,11298
UA,DFW,105024,105024,N310UA,ORD,DFW,105024,1454,802,1147,11298
UA,DFW,105025,105025,N370UA,ORD,DFW,105025,1659,802,1147,11298
UA,DFW,105026,105026,N328UA,ORD,DFW,105026,1455,802,1147,11298
UA,DFW,105027,105027,N364UA,ORD,DFW,105027,1504,802,1147,11298
UA,DFW,105028,105028,N928UA,ORD,DFW,105028,1557,802,1147,11298
UA,DFW,105029,105029,N301UA,ORD,DFW,105029,1715,802,1147,11298
UA,DFW,105030,105030,N313UA,ORD,DFW,105030,1556,802,1147,11298
UA,DFW,105031,105031,N334UA,ORD,DFW,105031,1455,802,1147,11298
UA,DFW,105032,105032,N318UA,ORD,DFW,105032,1541,802,1147,11298
UA,DFW,105033,105033,N313UA,ORD,DFW,105033,1456,802,1147,11298
UA,DFW,105034,105034,N329UA,ORD,DFW,105034,1527,802,1147,11298
UA,BDL,105359,105359,N338UA,ORD,BDL,105359,2323,783,1159,10529
UA,BDL,105360,105360,N365UA,ORD,BDL,105360,2100,783,1159,10529
UA,BDL,105361,105361,N315UA,ORD,BDL,105361,2059,783,1159,10529
UA,BDL,105362,105362,N910UA,ORD,BDL,105362,2126,783,1159,10529
UA,BDL,105363,105363,N365UA,ORD,BDL,105363,2223,783,1159,10529
UA,BDL,105364,105364,N906UA,ORD,BDL,105364,2257,783,1159,10529
UA,BDL,105365,105365,,ORD,BDL,105365,,783,1159,10529
UA,BDL,105366,105366,N301UA,ORD,BDL,105366,2207,783,1159,10529
UA,BDL,105367,105367,N364UA,ORD,BDL,105367,2053,783,1159,10529
UA,BDL,105368,105368,N923UA,ORD,BDL,105368,2048,783,1159,10529
UA,BDL,105369,105369,N347UA,ORD,BDL,105369,2358,783,1159,10529
UA,BDL,105370,105370,N906UA,ORD,BDL,105370,2110,783,1159,10529
UA,BDL,105371,105371,N942UA,ORD,BDL,105371,2052,783,1159,10529
UA,BDL,105372,105372,N904UA,ORD,BDL,105372,2052,783,1159,10529
UA,BDL,105373,105373,N327UA,ORD,BDL,105373,2250,783,1159,10529
UA,BDL,105374,105374,N929UA,ORD,BDL,105374,2225,783,1159,10529
UA,BDL,105375,105375,N351UA,ORD,BDL,105375,2241,783,1159,10529
UA,BDL,105376,105376,N340UA,ORD,BDL,105376,2109,783,1159,10529
UA,BDL,105377,105377,N350UA,ORD,BDL,105377,2120,783,1159,10529
UA,BDL,105378,105378,N313UA,ORD,BDL,105378,2109,783,1159,10529
UA,BDL,105379,105379,N907UA,ORD,BDL,105379,2052,783,1159,10529
UA,BDL,105380,105380,,ORD,BDL,105380,,783,1159,10529
UA,BDL,105381,105381,N329UA,ORD,BDL,105381,0155,783,1159,10529
UA,BDL,105382,105382,N369UA,ORD,BDL,105382,2107,783,1159,10529
UA,BDL,105383,105383,,ORD,BDL,105383,,783,1159,10529
UA,PHL,105384,105384,N927UA,ORD,PHL,105384,1040,678,1160,14100
UA,PHL,105385,105385,N935UA,ORD,PHL,105385,1301,678,1160,14100
UA,PHL,105386,105386,N927UA,ORD,PHL,105386,1044,678,1160,14100
UA,PHL,105387,105387,N346UA,ORD,PHL,105387,1034,678,1160,14100
UA,PHL,105388,105388,N934UA,ORD,PHL,105388,1050,678,1160,14100
UA,PHL,105389,105389,N370UA,ORD,PHL,105389,1125,678,1160,14100
UA,PHL,105390,105390,N342UA,ORD,PHL,105390,1124,678,1160,14100
UA,PHL,105391,105391,,ORD,PHL,105391,,678,1160,14100
UA,PHL,105392,105392,N370UA,ORD,PHL,105392,1054,678,1160,14100
UA,PHL,105393,105393,N340UA,ORD,PHL,105393,1053,678,1160,14100
UA,PHL,105394,105394,N903UA,ORD,PHL,105394,1054,678,1160,14100
UA,PHL,105395,105395,N912UA,ORD,PHL,105395,1053,678,1160,14100
UA,PHL,105396,105396,N801UA,ORD,PHL,105396,1059,678,1160,14100
UA,PHL,105397,105397,N301UA,ORD,PHL,105397,1101,678,1160,14100
UA,PHL,105398,105398,N381UA,ORD,PHL,105398,1057,678,1160,14100
UA,PHL,105399,105399,N333UA,ORD,PHL,105399,1058,678,1160,14100
UA,PHL,105400,105400,N306UA,ORD,PHL,105400,1102,678,1160,14100
UA,PHL,105401,105401,N326UA,ORD,PHL,105401,1215,678,1160,14100
UA,PHL,105402,105402,N399UA,ORD,PHL,105402,1118,678,1160,14100
UA,PHL,105403,105403,N338UA,ORD,PHL,105403,1100,678,1160,14100
UA,PHL,105404,105404,N346UA,ORD,PHL,105404,1057,678,1160,14100
UA,PHL,105405,105405,,ORD,PHL,105405,,678,1160,14100
UA,PHL,105406,105406,N370UA,ORD,PHL,105406,1104,678,1160,14100
UA,PHL,105407,105407,N903UA,ORD,PHL,105407,1058,678,1160,14100
